,Year of Funding,Amount($)
2,2021,180102879530.3953
1,2020,115732302449.27777
0,2018,66188560493.96344
